Unnamed: 0,name,full_name,age,height,nationality,place_of_birth,max_price,position,shirt_nr,foot,club,contract_expires,joined_club,player_agent,outfitter,price_eur,max_price_eur
314,Florian Schock,,21,2.0,Germany,Ostfildern,0.2,Goalkeeper,42,Right,Vfb Stuttgart,2024-06-30,2021-09-07,Relatives,Unknown,0.2,0.2
353,Anton Stach,,24,1.94,Germany,Buchholz In Der Nordheide,15.0,midfield - Defensive Midfield,6,Both,1.Fsv Mainz 05,2024-06-30,2021-07-31,Roof,Unknown,15.0,15.0
490,Paul Grave,,22,1.93,Germany,Borken,0.1,Goalkeeper,34,Right,Vfl Bochum,,2019-03-02,Fg Sports Gmbh,Unknown,0.1,0.1
138,Faride Alidou,,21,1.86,Germany  Togo,Hamburg,2.5,Attack - Left Winger,11,Right,E. Frankfurt,2026-06-30,2022-07-01,Ftc,Unknown,2.5,2.5
502,Jacek Goralski,Jacek Góralski,30,1.72,Poland,Bydgoszcz,3.0,midfield - Defensive Midfield,5,Right,Vfl Bochum,2024-06-30,2022-07-01,Unidos,Unknown,1.0,3.0
274,Tim Maciejewski,Tim Luis Maciejewski,22,1.86,Germany,Berlin,0.35,Attack - Right Winger,16,Right,Union Berlin,2023-06-30,2020-07-01,Think Forward,Unknown,0.35,0.35
445,Christian Groß,,34,1.82,Germany,Bremen,0.5,midfield - Defensive Midfield,36,Both,Werder Bremen,2024-06-30,2020-08-01,Dlt Sports Group,Unknown,0.5,0.5
357,Aymen Barkok,أيمن بركوك,24,1.89,Morocco  Germany,Frankfurt Am Main,3.5,midfield - Central Midfield,4,Right,1.Fsv Mainz 05,2025-06-30,2022-07-01,Sports Excellence ...,Unknown,1.5,3.5
87,Lukas Hradecky,Lukáš Hrádecký,33,1.92,Finland  Slovakia,Bratislava,12.0,Goalkeeper,1,Right,B. Leverkusen,2026-06-30,2018-07-01,Unknown,Uhlsport,2.5,12.0
76,Xaver Schlager,,25,1.74,Austria,Linz,27.0,midfield - Central Midfield,24,Left,Rb Leipzig,2026-06-30,2022-07-01,Roof,Puma,22.0,27.0
452,Maximilian Philipp,Maximilian Marcus Philipp,29,1.83,Germany,Berlin,20.0,Attack - Second Striker,17,Right,Werder Bremen,2023-06-30,2023-01-30,Unique Sports Group,Unknown,2.0,20.0
15,Leon Goretzka,Leon Christoph Goretzka,28,1.89,Germany,Bochum,70.0,midfield - Central Midfield,8,Right,Bayern Munich,2026-06-30,2018-07-01,Neubauer 13 Gmbh,Unknown,65.0,70.0
206,Lukas Kübler,,30,1.82,Germany,Bonn,3.0,Defender - Right-Back,17,Right,Sc Freiburg,,2015-07-01,Roof,Unknown,3.0,3.0
277,Jordan,,27,1.91,United States  France,"Washington, D. C.",10.0,Attack - Centre-Forward,45,Right,Union Berlin,2026-06-30,2022-07-01,Unknown,Unknown,9.0,10.0
398,Sebastian Andersson,Martin Sebastian Andersson,31,1.9,Sweden,Ängelholm,7.0,Attack - Centre-Forward,9,Right,1.Fc Köln,2023-06-30,2020-09-15,People In Sport,Unknown,1.0,7.0
19,Arijon Ibrahimovic,Arijon Ibrahimović / Arijon Ibrahimi,17,1.76,Germany  Kosovo,Nürnberg,1.0,midfield - Attacking Midfield,46,Right,Bayern Munich,2025-06-30,2023-01-17,Agent Is Known - Player Under 18,Unknown,1.0,1.0
458,Justin Heekeren,,22,1.96,Germany,Veen,0.25,Goalkeeper,28,Both,Fc Schalke 04,2025-06-30,2022-07-01,Royal,Unknown,0.25,0.25
342,Finn Dahmen,Finn Gilbert Dahmen,25,1.88,Germany  England,Wiesbaden,2.0,Goalkeeper,1,Right,1.Fsv Mainz 05,2023-06-30,2018-07-01,Cn Sports,Unknown,1.0,2.0
56,Julien Duranville,,17,1.7,Belgium,Uccle,5.0,Attack - Right Winger,16,Right,Bor. Dortmund,,2023-01-27,Agent Is Known - Player Under 18,Unknown,5.0,5.0
337,Juan José Perea,Juan José Perea Mendoza,23,1.8,Colombia,Bogotá,2.4,Attack - Centre-Forward,11,Right,Vfb Stuttgart,2026-06-30,2022-07-08,Konstantinos Farras,Adidas,2.4,2.4
505,Pierre Kunde,Pierre Kunde Malong,27,1.8,Cameroon,Limbé,10.0,midfield - Central Midfield,28,Right,Vfl Bochum,2023-06-30,2023-01-06,Is Sports Agency ...,Unknown,2.0,10.0
241,Finn Ole Becker,,22,1.77,Germany,Elmshorn,2.5,midfield - Central Midfield,20,Left,Tsg Hoffenheim,2026-06-30,2022-07-01,Sports360 Gmbh,Unknown,1.0,2.5
410,Lukas Ullrich,,19,1.8,Germany,Berlin,0.75,Defender - Left-Back,26,Left,Hertha Bsc Ii,2023-06-30,2022-07-01,Seg,Puma,0.75,0.75
311,Irvin Cardona,,25,1.85,France  Malta,Nîmes,8.0,Attack - Centre-Forward,48,Right,Fc Augsburg,2027-06-30,2023-01-18,Wasserman,Unknown,2.5,8.0
473,Éder Balanta,Éder Fabián Álvarez Balanta,30,1.8,Colombia,Bogotá,6.5,midfield - Defensive Midfield,33,Left,Fc Schalke 04,2023-06-30,2023-01-31,No Agent,Unknown,3.0,6.5
436,Amos Pieper,,25,1.92,Germany,Lüdinghausen,7.0,Defender - Centre-Back,5,Right,Werder Bremen,2026-06-30,2022-07-01,Sports360 Gmbh,Unknown,6.0,7.0
494,Dominique Heintz,,29,1.88,Germany,Neustadt An Der Weinstraße,10.0,Defender - Centre-Back,30,Left,Vfl Bochum,2023-06-30,2022-08-11,Sports360 Gmbh,Unknown,1.5,10.0
25,Mathys Tel,,18,1.83,France  Guadeloupe,Sarcelles,20.0,Attack - Centre-Forward,39,Right,Bayern Munich,2025-06-30,2022-07-26,Unknown,Unknown,20.0,20.0
369,Timo Horn,,29,1.92,Germany,Köln,12.0,Goalkeeper,1,Left,1.Fc Köln,2023-06-30,2011-07-01,Sports360 Gmbh,Puma,1.5,12.0
42,Mateu Morey Bauzà,Mateu Jaume Morey Bauzà,23,1.73,Spain,Palma De Mallorca,7.0,Defender - Right-Back,2,Right,Bor. Dortmund,2024-06-30,2019-07-01,Unknown,Unknown,1.5,7.0
141,Rafael Borré,Rafael Santos Borré Maury,27,1.74,Colombia,Barranquilla,20.0,Attack - Centre-Forward,19,Right,E. Frankfurt,2025-06-30,2021-07-05,Wasserman,Unknown,12.0,20.0
423,Kelian Nsona,Kelian Nsona Wa Saka,21,1.89,France  Dr Congo,Ivry-Sur-Seine,1.2,Attack - Right Winger,28,Right,Hertha Bsc,2026-06-30,2022-01-31,Rogon,Unknown,1.2,1.2
320,Borna Sosa,,25,1.87,Croatia  Germany,Zagreb,23.0,Defender - Left-Back,24,Left,Vfb Stuttgart,2025-06-30,2018-07-01,Caa Stellar,Unknown,15.0,23.0
127,Timothy Chandler,,33,1.86,United States  Germany,Frankfurt Am Main,5.0,Defender - Right-Back,22,Right,E. Frankfurt,2025-06-30,2014-07-01,Sports Excellence ...,Adidas,1.2,5.0
336,Tiago Tomás,Tiago Barreiros de Melo Tomás,20,1.8,Portugal,Cascais,7.0,Attack - Centre-Forward,10,Right,Vfb Stuttgart,2023-06-30,2022-01-30,Proeleven S.A.,Unknown,7.0,7.0
31,Nico Schlotterbeck,Nico Cedric Schlotterbeck,23,1.91,Germany,Waiblingen,40.0,Defender - Centre-Back,4,Left,Bor. Dortmund,2027-06-30,2022-07-01,Robert Schneider,Unknown,40.0,40.0
114,Kevin Trapp,Kevin Christian Trapp,32,1.89,Germany,Merzig,12.0,Goalkeeper,1,Right,E. Frankfurt,2026-06-30,2019-08-07,Sports360 Gmbh,Adidas,8.5,12.0
155,Stefan Lainer,,30,1.75,Austria,Salzburg,18.0,Defender - Right-Back,18,Right,Bor. M'Gladbach,2024-06-30,2019-07-01,Roof,Unknown,3.5,18.0
214,Vincenzo Grifo,,30,1.8,Italy,Pforzheim,12.0,Attack - Left Winger,32,Right,Sc Freiburg,,2019-09-02,Roof,Unknown,12.0,12.0
427,Stevan Jovetic,Cтeвaн Joвeтић,33,1.83,Montenegro  Serbia,Titograd,30.0,Attack - Centre-Forward,19,Right,Hertha Bsc,2023-06-30,2021-07-27,Lian Sports Group,Unknown,2.0,30.0
57,Sébastien Haller,Sébastien Romain Teddy Haller,28,1.91,Cote D'Ivoire  France,Ris-Orangis,45.0,Attack - Centre-Forward,9,Right,Bor. Dortmund,2026-06-30,2022-07-06,Management 360,Puma,30.0,45.0
269,Aïssa Laïdouni,Aïssa Bilal Laïdouni,26,1.81,Tunisia  France,Montfermeil,4.0,midfield - Central Midfield,20,Right,Union Berlin,,2023-01-27,World In Motion,Unknown,4.0,4.0
24,Thomas Müller,,33,1.85,Germany,Weilheim In Oberbayern,75.0,Attack - Second Striker,25,Right,Bayern Munich,2024-06-30,2009-07-01,Kögl & Partner Gmbh,Adidas,18.0,75.0
17,Jamal Musiala,,20,1.84,Germany  England,Stuttgart,110.0,midfield - Attacking Midfield,42,Right,Bayern Munich,2026-06-30,2020-07-01,11Wins,Unknown,110.0,110.0
188,Felix Nmecha,,22,1.9,Germany  England,Hamburg,8.0,midfield - Attacking Midfield,22,Right,Vfl Wolfsburg,2024-06-30,2021-07-21,Unknown,Unknown,8.0,8.0
67,Mohamed Simakan,,23,1.87,France  Guinea,Marseille,28.0,Defender - Centre-Back,2,Right,Rb Leipzig,2027-06-30,2021-07-01,Bs Group - Bs Law,Puma,28.0,28.0
407,Filip Uremovic,Filip Uremović,26,1.84,Croatia,Požega,7.0,Defender - Centre-Back,5,Right,Hertha Bsc,2026-06-30,2022-07-01,Ivan Bosnjak,Adidas,2.0,7.0
401,Oliver Christensen,,24,1.9,Denmark,Kerteminde,4.5,Goalkeeper,1,Right,Hertha Bsc,2026-06-30,2021-08-26,Boutique Transfers,Unknown,4.5,4.5
95,Mitchel Bakker,,22,1.85,Netherlands,Purmerend,14.0,Defender - Left-Back,5,Left,B. Leverkusen,2025-06-30,2021-07-12,Team Raiola,Unknown,9.0,14.0
501,Cristian Gamboa,Cristian Esteban Gamboa Luna,33,1.75,Costa Rica,Liberia,2.0,Defender - Right-Back,2,Right,Vfl Bochum,2024-06-30,2019-08-27,Wasserman,Unknown,0.7,2.0
358,Eniss Shabani,,19,1.8,Germany  Kosovo,Gießen,0.2,midfield - Central Midfield,41,Right,1.Fsv Mainz 05,2025-06-30,2022-07-01,Asbw Sport Marketing,Unknown,0.2,0.2
23,Serge Gnabry,Serge David Gnabry,27,1.76,Germany  Cote D'Ivoire,Stuttgart,90.0,Attack - Right Winger,7,Right,Bayern Munich,2026-06-30,2017-07-01,Roof,Adidas,55.0,90.0
234,Pavel Kaderabek,Pavel Kadeřábek,31,1.82,Czech Republic,Praha,20.0,Defender - Right-Back,3,Right,Tsg Hoffenheim,2025-06-30,2015-07-01,No Agent,Unknown,4.0,20.0
268,András Schäfer,,24,1.78,Hungary,Szombathely,5.0,midfield - Central Midfield,13,Both,Union Berlin,,2022-01-21,Em Sports Consulting,Unknown,5.0,5.0
211,Merlin Röhl,,20,1.92,Germany,Berlin,2.0,midfield - Central Midfield,34,Both,Sc Freiburg,,2022-08-17,Sportlobby,Unknown,2.0,2.0
5,Dayot Upamecano,Dayotchanculle Oswald Upamecano,24,1.86,France  Guinea-Bissau,Évreux,60.0,Defender - Centre-Back,2,Right,Bayern Munich,2026-06-30,2021-07-05,Unique Sports Group,Nike,60.0,60.0
117,Simon Simoni,,18,1.94,Albania,Lezhë,0.25,Goalkeeper,41,Right,E. Frankfurt,2027-06-30,2023-01-01,Creatio Management,Unknown,0.2,0.25
45,Emre Can,,29,1.86,Germany  Turkey,Frankfurt Am Main,40.0,midfield - Defensive Midfield,23,Right,Bor. Dortmund,2024-06-30,2020-07-01,Ism Int. Soccer ...,Unknown,14.0,40.0
399,Florian Dietz,,24,1.9,Germany,Bad Neustadt An Der Saale,1.0,Attack - Centre-Forward,33,Right,1.Fc Köln,2025-06-30,2022-07-01,Roof,Unknown,1.0,1.0
16,Ryan Gravenberch,Ryan Jiro Gravenberch,20,1.9,Netherlands  Suriname,Amsterdam,35.0,midfield - Central Midfield,38,Right,Bayern Munich,2027-06-30,2022-07-01,Team Raiola,Adidas,30.0,35.0
477,Soichiro Kozuki,上月 壮一郎,22,1.8,Japan,"Uji, Kyoto",0.6,midfield - Right Midfield,38,Right,Fc Schalke 04,2025-06-30,2023-01-01,Pro Profil Gmbh,Unknown,0.6,0.6
466,Timothée Kolodziejczak,Timothée Christian Kolodziejczak,31,1.83,France  Poland,Avion,7.0,Defender - Centre-Back,15,Left,Fc Schalke 04,2023-06-30,2022-10-21,Unknown,Unknown,0.7,7.0
3,Johannes Schenk,,20,1.91,Germany,Schweinfurt,0.3,Goalkeeper,35,Unknown,Bayern Munich,2024-06-30,2022-07-01,11Wins,Unknown,0.3,0.3
230,John Anthony Brooks,,30,1.94,United States  Germany,Berlin,15.0,Defender - Centre-Back,23,Left,Tsg Hoffenheim,2024-06-30,2023-01-26,Rogon,Unknown,3.0,15.0
487,Manuel Riemann,Manuel Riemann-Lorenzen,34,1.86,Germany,Mühldorf Am Inn,1.2,Goalkeeper,1,Right,Vfl Bochum,2025-06-30,2015-07-01,Roof,Unknown,1.2,1.2
60,Péter Gulácsi,,33,1.9,Hungary,Budapest,13.0,Goalkeeper,1,Right,Rb Leipzig,2025-06-30,2015-07-01,Hcm Sports ...,Unknown,6.0,13.0
111,Patrik Schick,,27,1.91,Czech Republic,Praha,50.0,Attack - Centre-Forward,14,Left,B. Leverkusen,2027-06-30,2020-09-08,Int. Sport ...,Unknown,30.0,50.0
328,Lilian Egloff,,20,1.82,Germany,Heilbronn,1.5,midfield - Attacking Midfield,25,Right,Vfb Stuttgart,2024-06-30,2020-07-01,Vida 11,Unknown,1.5,1.5
300,Fredrik Jensen,Hans Fredrik Jensen,25,1.83,Finland,Porvoo,3.0,midfield - Attacking Midfield,24,Right,Fc Augsburg,2025-06-30,2018-07-01,V4S,Unknown,2.5,3.0
29,Alexander Meyer,Alexander Niklas Meyer-Schade,32,1.95,Germany,Bad Oldesloe,1.0,Goalkeeper,33,Right,Bor. Dortmund,2024-06-30,2022-07-01,Aka Global Gmbh,Unknown,1.0,1.0
195,Dzenan Pejcinovic,Dženan Pejčinović,18,1.88,Germany  Montenegro,München,1.0,Attack - Centre-Forward,18,Left,Vfl Wolfsburg,2027-06-30,2022-07-14,Karl M. Herzog ...,Unknown,1.0,1.0
469,Jere Uronen,Jere Juhani Uronen,28,1.77,Finland,Turku,3.5,Defender - Left-Back,18,Left,Fc Schalke 04,2023-06-30,2023-01-07,Nga Sport,Unknown,1.0,3.5
26,Eric Maxim Choupo-Moting,Eric Maxim Choupo-Moting,34,1.91,Cameroon  Germany,Hamburg,10.0,Attack - Centre-Forward,13,Right,Bayern Munich,2024-06-30,2020-10-05,Rogon,Puma,6.0,10.0
7,Alphonso Davies,Alphonso Boyle Davies,22,1.85,Canada  Liberia,Buduburam,80.0,Defender - Left-Back,19,Left,Bayern Munich,2025-06-30,2019-01-01,Atg Sports,Unknown,70.0,80.0
467,Ibrahima Cissé,,22,1.96,Mali  France,Dreux,0.2,Defender - Centre-Back,22,Right,Fc Schalke 04,2026-06-30,2022-07-01,Unknown,Unknown,0.2,0.2
109,Moussa Diaby,,23,1.7,France  Mali,Paris,60.0,Attack - Right Winger,19,Left,B. Leverkusen,2025-06-30,2019-07-01,Ais Sport Service,Unknown,50.0,60.0
37,Tom Rothe,Tom Alexander Rothe,18,1.93,Germany,Rendsburg,3.5,Defender - Left-Back,36,Left,Bor. Dortmund,2024-06-30,2022-07-01,Wasserman,Unknown,3.5,3.5
160,Florian Neuhaus,Florian Christian Neuhaus,26,1.85,Germany,Landsberg Am Lech,38.0,midfield - Central Midfield,32,Right,Bor. M'Gladbach,2024-06-30,2017-07-01,Cn Sports,Unknown,15.0,38.0
481,Marius Bülter,,30,1.88,Germany,Ibbenbüren,3.0,Attack - Left Winger,11,Right,Fc Schalke 04,2024-06-30,2021-07-01,Tpwe Gmbh,Adidas,2.5,3.0
119,Tuta,,23,1.85,Brazil,São Paulo,15.0,Defender - Centre-Back,35,Right,E. Frankfurt,2026-06-30,2019-01-31,Wolfs,Unknown,15.0,15.0
115,Diant Ramaj,,21,1.89,Germany  Kosovo,Stuttgart,0.75,Goalkeeper,40,Both,E. Frankfurt,2027-06-30,2021-07-01,Bms Sportconsulting ...,Unknown,0.75,0.75
178,Paulo Otávio,,28,1.73,Brazil,Ourinhos,8.0,Defender - Left-Back,6,Left,Vfl Wolfsburg,2023-06-30,2019-07-01,Tfm Agency,Unknown,6.5,8.0
197,Noah Atubolu,,20,1.9,Germany  Nigeria,Freiburg Im Breisgau,2.0,Goalkeeper,21,Right,Sc Freiburg,,2021-07-01,Unique Sports Group,Unknown,2.0,2.0
322,Pascal Stenzel,,27,1.83,Germany,Bünde,6.5,Defender - Right-Back,15,Right,Vfb Stuttgart,2024-06-30,2020-07-01,Unique Sports Group,Unknown,1.5,6.5
146,Tobias Sippel,,35,1.83,Germany,Bad Dürkheim,3.0,Goalkeeper,21,Right,Bor. M'Gladbach,2024-06-30,2015-07-01,Dr. Michael Becker,Unknown,0.4,3.0
381,Ellyes Skhiri,إلياس صخيري,28,1.85,Tunisia  France,Lunel,13.0,midfield - Defensive Midfield,28,Right,1.Fc Köln,2023-06-30,2019-07-29,Caa Stellar,Unknown,13.0,13.0
434,Louis Lord,,19,1.9,Germany,Vechta,0.15,Goalkeeper,1,Unknown,W. Bremen Ii,,2021-07-01,Caa Stellar,Unknown,0.15,0.15
207,Jonathan Schmid,,32,1.79,France,Strasbourg,5.0,Defender - Right-Back,7,Right,Sc Freiburg,,2019-07-01,Unique Sports Group,Unknown,1.2,5.0
325,Enzo Millot,,20,1.74,France  Martinique,Lucé,2.5,midfield - Central Midfield,8,Left,Vfb Stuttgart,2025-06-30,2021-08-14,Klan Soccer Fzco,Unknown,2.5,2.5
366,Nelson Weiper,Nelson Felix Patrick Weiper,18,1.92,Germany  Albania,Mainz,2.5,Attack - Centre-Forward,44,Right,1.Fsv Mainz 05,2025-06-30,2022-07-01,Asbw Sport Marketing,Unknown,2.5,2.5
459,Michael Langer,,38,1.95,Austria,Bregenz,0.75,Goalkeeper,34,Right,Fc Schalke 04,2023-06-30,2017-08-04,Pesm,Unknown,0.05,0.75
142,Lucas Alario,Lucas Nicolás Alario,30,1.85,Argentina  Italy,"Tostado, Santa Fe",20.0,Attack - Centre-Forward,21,Right,E. Frankfurt,2025-06-30,2022-07-01,Pedro Aldave Ortuzar,Adidas,4.0,20.0
499,Jordi Osei-Tutu,Jordi Martin Emmanuel Osei-Tutu,24,1.76,England  Ghana,Slough,1.5,Defender - Right-Back,18,Right,Vfl Bochum,2025-06-30,2022-07-01,Unique Sports Group,Unknown,1.5,1.5
68,Abdou Diallo,Abdou-Lakhad Diallo,27,1.87,Senegal  France,Tours,35.0,Defender - Centre-Back,37,Left,Rb Leipzig,2023-06-30,2022-09-01,Classico,Puma,15.0,35.0
264,Christopher Trimmel,,36,1.89,Austria,Oberpullendorf,1.2,Defender - Right-Back,28,Right,Union Berlin,2024-06-30,2014-07-01,Roof,Adidas,0.8,1.2
171,Koen Casteels,,30,1.97,Belgium,Bonheiden,14.0,Goalkeeper,1,Left,Vfl Wolfsburg,2024-06-30,2015-01-21,Relatives,Nike,8.0,14.0
508,Gerrit Holtmann,,28,1.85,Philippines  Germany,Bremen,4.5,Attack - Left Winger,17,Left,Vfl Bochum,2025-06-30,2020-08-24,Relatives,Unknown,3.5,4.5
388,Kingsley Schindler,,29,1.83,Ghana  Germany,Hamburg,3.0,midfield - Right Midfield,17,Right,1.Fc Köln,2023-06-30,2019-07-01,11Wins,Unknown,1.0,3.0
248,Kasper Dolberg,Kasper Dolberg Rasmussen,25,1.87,Denmark,Silkeborg,23.0,Attack - Centre-Forward,19,Right,Tsg Hoffenheim,2023-06-30,2023-01-02,Rafaela Pimenta,Adidas,9.0,23.0
196,Mark Flekken,,29,1.95,Netherlands,Bocholtz,7.0,Goalkeeper,26,Both,Sc Freiburg,,2018-07-01,Seg,Unknown,7.0,7.0
258,Paul Jaeckel,,24,1.86,Germany,Eisenhüttenstadt,7.5,Defender - Centre-Back,3,Right,Union Berlin,,2021-07-01,Karl M. Herzog ...,Adidas,5.5,7.5
110,Karim Bellarabi,كريم بلعربي,33,1.84,Germany  Morocco,Berlin,22.0,Attack - Right Winger,38,Right,B. Leverkusen,2023-06-30,2011-07-01,Kl Sportsbase,Unknown,2.5,22.0
492,Ivan Ordets,Ордець Іван Миколайович,30,1.95,Ukraine,"Blyzhnye, Donetsk Oblast",5.0,Defender - Centre-Back,20,Right,Vfl Bochum,2023-06-30,2022-07-10,Murza Eduard,Unknown,3.5,5.0
147,Nico Elvedi,,26,1.89,Switzerland,Zürich,35.0,Defender - Centre-Back,30,Right,Bor. M'Gladbach,2024-06-30,2015-07-01,Ifm,Nike,20.0,35.0
93,Jonathan Tah,Jonathan Glao Tah,27,1.95,Germany,Hamburg,40.0,Defender - Centre-Back,4,Right,B. Leverkusen,2025-06-30,2015-07-16,Gol International,Adidas,20.0,40.0
154,Joe Scally,Joseph Michael Scally,20,1.84,United States,"Lake Grove, New York",12.0,Defender - Right-Back,29,Right,Bor. M'Gladbach,2027-06-30,2021-01-01,Wasserman,Nike,12.0,12.0
231,Eduardo Quaresma,Eduardo Filipe Quaresma Vieira Coimbra Simões,21,1.85,Portugal,Barreiro,7.0,Defender - Centre-Back,26,Right,Tsg Hoffenheim,2023-06-30,2022-08-04,Proeleven S.A.,Adidas,3.0,7.0
421,Dodi Lukébakio,Dodi Lukébakio Ngandoli,25,1.87,Belgium  Dr Congo,Brussels,21.0,Attack - Right Winger,14,Left,Hertha Bsc,2024-06-30,2019-08-01,Boostmysport,Nike,12.0,21.0
84,Timo Werner,,27,1.8,Germany,Stuttgart,80.0,Attack - Centre-Forward,11,Right,Rb Leipzig,2026-06-30,2022-08-09,Sports360 Gmbh,Adidas,25.0,80.0
275,Sheraldo Becker,,28,1.8,Suriname  Netherlands,Amsterdam,15.0,Attack - Second Striker,27,Right,Union Berlin,2024-06-30,2019-07-01,Sports360 Gmbh,Unknown,15.0,15.0
168,Nathan Ngoumou,Nathan Ngoumou Minpole,23,1.83,France  Cameroon,Toulouse,7.0,Attack - Right Winger,19,Right,Bor. M'Gladbach,2027-06-30,2022-08-30,Nexst11,Puma,5.0,7.0
166,Yvandro Borges Sanches,,18,1.75,Luxembourg  Cape Verde,Luxemburg,1.5,Attack - Left Winger,38,Right,Bor. M'Gladbach,2025-06-30,2022-07-01,Wasserman,Puma,1.5,1.5
202,Kenneth Schmidt,Tan-Kenneth Jerico Leka-Schmidt,20,1.87,Germany,Freiburg Im Breisgau,0.75,Defender - Centre-Back,35,Left,Sc Freiburg,,2023-01-01,Relatives,Unknown,0.75,0.75
240,Thomas Delaney,Thomas Joseph Delaney,31,1.82,Denmark  United States,Frederiksberg,27.0,midfield - Central Midfield,17,Left,Tsg Hoffenheim,2023-06-30,2023-01-30,Elite Sports ...,Unknown,3.0,27.0
75,Konrad Laimer,,25,1.8,Austria,Salzburg,30.0,midfield - Central Midfield,27,Right,Rb Leipzig,2023-06-30,2017-07-01,Roof,Unknown,28.0,30.0
318,Dan-Axel Zagadou,,23,1.96,France  Cote D'Ivoire,Créteil,35.0,Defender - Centre-Back,23,Left,Vfb Stuttgart,2026-06-30,2022-09-19,Unknown,Unknown,3.5,35.0
225,Nahuel Noll,Nahuel Nicolas Noll,20,1.88,Germany  Spain,München,0.25,Goalkeeper,36,Both,Tsg Hoffenheim,2025-06-30,2021-07-01,Vida 11,Unknown,0.25,0.25
484,Sebastian Polter,,32,1.92,Germany,Wilhelmshaven,2.25,Attack - Centre-Forward,40,Right,Fc Schalke 04,2025-06-30,2022-07-01,Pro Profil Gmbh,Unknown,1.7,2.25
120,Hrvoje Smolcic,Hrvoje Smolčić,22,1.85,Croatia,Gospić,5.0,Defender - Centre-Back,5,Left,E. Frankfurt,2027-06-30,2022-07-01,Niagara Sports ...,Unknown,5.0,5.0
289,Mads Pedersen,Mads Giersing Valentin Pedersen,26,1.74,Denmark,Hørsholm,2.5,Defender - Left-Back,3,Left,Fc Augsburg,2024-06-30,2019-07-01,Nordic Sky,Nike,2.5,2.5
308,Mergim Berisha,,25,1.88,Germany,Berchtesgaden,12.0,Attack - Centre-Forward,11,Right,Fc Augsburg,2023-06-30,2022-08-31,Rogon,Adidas,12.0,12.0
429,Ibrahim Maza,,17,1.77,Germany  Algeria,Berlin,0.25,Attack - Centre-Forward,10,Right,Hertha Bsc U19,2026-06-30,2022-07-01,Agent Is Known - Player Under 18,Unknown,0.25,0.25
364,Marcus Ingvartsen,Marcus Højriis Ingvartsen,27,1.87,Denmark,Farum,4.5,Attack - Centre-Forward,11,Left,1.Fsv Mainz 05,2025-06-30,2022-07-01,People In Sport,Unknown,4.5,4.5
412,Peter Pekarik,Peter Pekarík,36,1.77,Slovakia,Žilina,3.5,Defender - Right-Back,2,Right,Hertha Bsc,2023-06-30,2012-08-31,Rogon,Unknown,0.5,3.5
237,Sebastian Rudy,,33,1.8,Germany,Villingen-Schwenningen,15.0,midfield - Defensive Midfield,16,Right,Tsg Hoffenheim,2023-06-30,2021-07-01,Relatives,Nike,1.5,15.0
385,Denis Huseinbasic,Denis Huseinbašić,21,1.84,Germany  Bosnia-Herzegovina,Erbach (Odenwald),5.0,midfield - Central Midfield,8,Right,1.Fc Köln,2025-06-30,2022-07-01,Profisports Prskalo,Puma,5.0,5.0
483,Michael Frey,,28,1.88,Switzerland,Münsingen,5.0,Attack - Centre-Forward,26,Right,Fc Schalke 04,2023-06-30,2023-01-20,Soccer Mondial Ag,Puma,3.0,5.0
395,Sargis Adamyan,Սարգիս Ադամյան,29,1.84,Armenia,Yerevan,5.0,Attack - Centre-Forward,23,Right,1.Fc Köln,2026-06-30,2022-07-05,Karl M. Herzog ...,Unknown,2.0,5.0
281,Tomas Koubek,Tomáš Koubek,30,1.97,Czech Republic,Hradec Králové,7.0,Goalkeeper,40,Right,Fc Augsburg,2024-06-30,2019-08-06,Sport Invest,Unknown,1.0,7.0
36,Raphaël Guerreiro,Raphaël Adelino José Guerreiro,29,1.7,Portugal  France,Le Blanc-Mesnil,40.0,Defender - Left-Back,13,Left,Bor. Dortmund,2023-06-30,2016-07-01,Wasserman,Adidas,20.0,40.0
199,Philipp Lienhart,,26,1.89,Austria,Lilienfeld,20.0,Defender - Centre-Back,3,Right,Sc Freiburg,2024-06-30,2018-07-01,You First,Nike,20.0,20.0
140,Randal Kolo Muani,,24,1.87,France  Dr Congo,Bondy,65.0,Attack - Centre-Forward,9,Right,E. Frankfurt,2027-06-30,2022-07-01,Relatives,Adidas,65.0,65.0
375,Nikola Soldo,,22,1.89,Croatia,Stuttgart,1.8,Defender - Centre-Back,5,Right,1.Fc Köln,2025-06-30,2022-09-01,P&P Sport ...,Unknown,1.5,1.8
256,Diogo Leite,Diogo Filipe Monteiro Pinto Leite,24,1.9,Portugal,Porto,12.0,Defender - Centre-Back,4,Left,Union Berlin,2023-06-30,2022-07-16,Unknown,Unknown,12.0,12.0
292,Robert Gumny,,24,1.82,Poland,Poznań,5.0,Defender - Right-Back,2,Right,Fc Augsburg,2025-06-30,2020-09-02,Fabryka Futbolu,Puma,3.5,5.0
293,Niklas Dorsch,Niklas Bernd Dorsch,25,1.78,Germany,Lichtenfels,10.0,midfield - Defensive Midfield,30,Right,Fc Augsburg,2026-06-30,2021-07-08,Cn Sports,Unknown,8.0,10.0
59,Anthony Modeste,Anthony Mbu Agogo Modeste,35,1.88,France  Martinique,Cannes,20.0,Attack - Centre-Forward,20,Right,Bor. Dortmund,2023-06-30,2022-08-08,Wasserman,Unknown,1.0,20.0
112,Adam Hlozek,Adam Hložek,20,1.88,Czech Republic,Ivančice,20.0,Attack - Centre-Forward,23,Right,B. Leverkusen,2027-06-30,2022-07-01,Int. Sport ...,Nike,15.0,20.0
90,Niklas Lomb,,29,1.86,Germany,Köln,0.4,Goalkeeper,36,Right,B. Leverkusen,2024-06-30,2012-07-01,Dirk Hebel,Unknown,0.25,0.4
271,Levin Öztunali,Levin Mete Öztunali,27,1.84,Germany,Hamburg,6.5,midfield - Central Midfield,7,Right,Union Berlin,,2021-07-01,Caa Stellar,Nike,1.5,6.5
6,Lucas Hernández,Lucas François Bernard Hernández Pi,27,1.84,France  Spain,Marseille,70.0,Defender - Centre-Back,21,Left,Bayern Munich,2024-06-30,2019-07-01,Manuel García ...,Nike,50.0,70.0
371,Matthias Köbbing,,25,1.96,Germany,Koblenz,0.1,Goalkeeper,44,Both,1.Fc Köln,2025-06-30,2022-03-08,Haspel ...,Unknown,0.025,0.1
355,Dominik Kohr,,29,1.83,Germany,Trier,8.5,midfield - Central Midfield,31,Right,1.Fsv Mainz 05,2026-06-30,2022-07-01,Sports360 Gmbh,Adidas,4.0,8.5
397,Davie Selke,,28,1.95,Germany,Schorndorf,20.0,Attack - Centre-Forward,27,Right,1.Fc Köln,2024-06-30,2023-01-02,Sports Excellence ...,Puma,1.8,20.0
161,Oscar Fraulo,Oscar Luigi Fraulo,19,1.8,Denmark  Italy,Odense,2.0,midfield - Central Midfield,22,Right,Bor. M'Gladbach,2026-06-30,2022-07-01,Nine Group,Nike,2.0,2.0
152,Ramy Bensebaini,رامي بن سبعيني,28,1.87,Algeria,Constantine,22.0,Defender - Left-Back,25,Left,Bor. M'Gladbach,2023-06-30,2019-08-14,Hcm Sports ...,Unknown,20.0,22.0
180,Ridle Baku,Bote Nzuzi Baku,25,1.76,Germany  Dr Congo,Mainz,25.0,Defender - Right-Back,20,Right,Vfl Wolfsburg,2025-06-30,2020-10-01,Aka Global Gmbh,Adidas,13.0,25.0
426,Florian Niederlechner,,32,1.87,Germany,Ebersberg,10.0,Attack - Centre-Forward,7,Right,Hertha Bsc,2025-06-30,2023-01-18,Haspel ...,Unknown,2.2,10.0
187,Kevin Paredes,Kevin Alexander Paredes,20,1.7,United States  Dominican Republic,"South Riding, Virginia",5.0,midfield - Left Midfield,40,Left,Vfl Wolfsburg,2026-06-30,2022-01-28,Unknown,Unknown,5.0,5.0
290,David Colina,David Čolina,22,1.74,Croatia,Zagreb,1.5,Defender - Left-Back,38,Left,Fc Augsburg,2027-06-30,2023-01-14,P&P Sport ...,Nike,1.5,1.5
10,Benjamin Pavard,,27,1.86,France,Maubeuge,45.0,Defender - Right-Back,5,Right,Bayern Munich,2024-06-30,2019-07-01,Carmenta,Adidas,35.0,45.0
393,Steffen Tigges,,24,1.94,Germany,Osnabrück,3.5,Attack - Centre-Forward,21,Left,1.Fc Köln,2026-06-30,2022-07-01,Good Advice Sports ...,Adidas,3.5,3.5
104,Kerem Demirbay,,29,1.83,Germany  Turkey,Herten,32.0,midfield - Central Midfield,10,Left,B. Leverkusen,2024-06-30,2019-07-01,Emg Mundial,Adidas,9.0,32.0
82,Caden Clark,Caden Christopher Clark,19,1.8,United States,"Medina, Minnesota",3.5,midfield - Attacking Midfield,28,Right,Rb Leipzig,2025-06-30,2021-07-01,Ymu Group,Unknown,2.8,3.5
38,Nico Schulz,,30,1.8,Germany,Berlin,25.0,Defender - Left-Back,14,Left,Bor. Dortmund,2024-06-30,2019-07-01,Rogon,Unknown,2.0,25.0
324,Atakan Karazor,,26,1.91,Germany,Essen,4.5,midfield - Defensive Midfield,16,Right,Vfb Stuttgart,2026-06-30,2019-07-01,Emg Mundial,Adidas,4.5,4.5
201,Manuel Gulde,,32,1.84,Germany,Mannheim,4.0,Defender - Centre-Back,5,Right,Sc Freiburg,,2016-07-01,Unique Sports Group,Unknown,1.7,4.0
265,Rani Khedira,,29,1.89,Germany  Tunisia,Stuttgart,10.0,midfield - Defensive Midfield,8,Right,Union Berlin,,2021-07-01,Ngm Sports,Unknown,8.0,10.0
148,Ko Itakura,板倉 滉,26,1.88,Japan,"Yokohama, Kanagawa",12.0,Defender - Centre-Back,3,Right,Bor. M'Gladbach,2026-06-30,2022-07-02,Caa Base Ltd,Nike,12.0,12.0
405,Márton Dárdai,,21,1.88,Germany  Hungary,Berlin,6.0,Defender - Centre-Back,31,Left,Hertha Bsc,2025-06-30,2020-07-01,Pro Profil Gmbh,Nike,4.0,6.0
149,Marvin Friedrich,,27,1.93,Germany,Kassel,10.0,Defender - Centre-Back,5,Right,Bor. M'Gladbach,2026-06-30,2022-01-11,Roof,Adidas,5.0,10.0
316,Hiroki Ito,伊藤 洋輝,23,1.88,Japan,"Hamamatsu, Shizuoka",7.5,Defender - Centre-Back,21,Left,Vfb Stuttgart,2025-06-30,2022-07-01,Universal Sports ...,Unknown,7.5,7.5
294,Renato Veiga,Renato Palma Veiga,19,1.9,Portugal,Lisboa,1.0,midfield - Defensive Midfield,8,Left,Fc Augsburg,2023-06-30,2023-01-31,Mondo Victory,Unknown,1.0,1.0
124,Christopher Lenz,,28,1.8,Germany,Berlin,5.0,Defender - Left-Back,25,Left,E. Frankfurt,2024-06-30,2021-07-01,Roof,Unknown,5.0,5.0
380,Benno Schmitz,,28,1.82,Germany,München,3.0,Defender - Right-Back,2,Right,1.Fc Köln,2024-06-30,2018-07-01,Kögl & Partner Gmbh,Unknown,3.0,3.0
97,Jeremie Frimpong,Jeremie Agyekum Frimpong,22,1.71,Netherlands  Ghana,Amsterdam,35.0,Defender - Right-Back,30,Right,B. Leverkusen,2025-06-30,2021-01-27,Prolific Sports ...,Puma,35.0,35.0
145,Jan Olschowsky,Jan Jakob Olschowsky,21,1.84,Germany,Neuss,0.5,Goalkeeper,41,Right,Bor. M'Gladbach,2027-06-30,2020-07-13,B360 Sports,Puma,0.5,0.5
242,Umut Tohumcu,Umut Deger Tohumcu,18,1.75,Germany  Turkey,Offenburg,1.0,midfield - Central Midfield,40,Both,Tsg Hoffenheim,2026-06-30,2023-01-18,Rogon,Adidas,1.0,1.0
280,Rafal Gikiewicz,Rafał Gikiewicz,35,1.9,Poland,Olsztyn,1.5,Goalkeeper,1,Right,Fc Augsburg,2023-06-30,2020-07-01,Wasserman,Adidas,1.2,1.5
98,Timothy Fosu-Mensah,Timothy Evans Fosu-Mensah,25,1.85,Netherlands  Ghana,Amsterdam,7.0,Defender - Right-Back,24,Right,B. Leverkusen,2024-06-30,2021-01-13,Caa Base Ltd,Unknown,3.0,7.0
360,Delano Burgzorg,,24,1.86,Netherlands  Suriname,Amsterdam,2.0,Attack - Left Winger,37,Right,1.Fsv Mainz 05,2025-06-30,2022-07-01,Pure,Puma,2.0,2.0
123,Philipp Max,,29,1.77,Germany,Viersen,20.0,Defender - Left-Back,32,Left,E. Frankfurt,2023-06-30,2023-01-31,Sports360 Gmbh,Nike,6.0,20.0
186,Yannick Gerhardt,,29,1.84,Germany,Würselen,12.0,midfield - Central Midfield,31,Left,Vfl Wolfsburg,2025-06-30,2016-07-01,Stephan Engels,Unknown,7.0,12.0
205,Kiliann Sildillia,Kiliann Eric Sildillia,20,1.86,France  Guadeloupe,Montigny-Lès-Metz,12.0,Defender - Right-Back,25,Right,Sc Freiburg,2026-06-30,2021-07-01,Rogon,Unknown,12.0,12.0
249,Andrej Kramaric,Andrej Kramarić,31,1.77,Croatia,Zagreb,38.0,Attack - Centre-Forward,27,Right,Tsg Hoffenheim,2025-06-30,2016-07-01,Unknown,Adidas,9.0,38.0
315,Konstantinos Mavropanos,Κωνσταντίνος Μαυροπάνος,25,1.94,Greece,Athens,17.0,Defender - Centre-Back,5,Right,Vfb Stuttgart,2025-06-30,2022-07-01,Konstantinos Farras,Unknown,15.0,17.0
419,Kevin-Prince Boateng,,36,1.86,Ghana  Germany,Berlin,23.0,midfield - Attacking Midfield,27,Right,Hertha Bsc,2023-06-30,2021-07-01,Excellence Sport,Puma,0.7,23.0
361,Brajan Gruda,,18,1.78,Germany  Albania,Speyer,0.5,Attack - Right Winger,43,Left,1.Fsv Mainz 05,2026-06-30,2022-11-18,Robert Schneider,Adidas,0.5,0.5
309,Dion Beljo,Dion Drena Beljo,21,1.95,Croatia,Zagreb,6.5,Attack - Centre-Forward,7,Left,Fc Augsburg,2027-06-30,2023-01-13,Roof,Unknown,6.5,6.5
408,Maximilian Mittelstädt,,26,1.8,Germany,Berlin,14.0,Defender - Left-Back,17,Left,Hertha Bsc,2027-06-30,2015-08-19,Sports360 Gmbh,Nike,2.0,14.0
387,Joshua Schwirten,,21,1.82,Germany,Bergisch Gladbach,0.2,midfield - Central Midfield,10,Both,1.Fc Köln Ii,2023-06-30,2021-07-01,Cs,Unknown,0.2,0.2
126,Aurélio Buta,Aurélio Gabriel Ulineia Buta,26,1.72,Portugal  Angola,Unknown,6.0,Defender - Right-Back,24,Right,E. Frankfurt,2026-06-30,2022-07-01,Proeleven S.A.,Unknown,6.0,6.0
493,Keven Schlotterbeck,,26,1.89,Germany,Weinstadt,7.5,Defender - Centre-Back,31,Left,Vfl Bochum,2023-06-30,2023-01-02,Robert Schneider,Unknown,3.0,7.5
226,Ozan Kabak,Ozan Muhammed Kabak,23,1.87,Turkey,Ankara,32.0,Defender - Centre-Back,5,Right,Tsg Hoffenheim,2026-06-30,2022-07-23,F-F Sport,Nike,10.0,32.0
431,Michael Zetterer,,27,1.87,Germany,München,0.8,Goalkeeper,30,Both,Werder Bremen,,2015-01-27,Emg Mundial,Unknown,0.5,0.8
222,Oliver Baumann,,32,1.87,Germany,Breisach Am Rhein,10.0,Goalkeeper,1,Right,Tsg Hoffenheim,2024-06-30,2014-07-01,Cn Sports,Adidas,4.5,10.0
130,Sebastian Rode,,32,1.79,Germany,Seeheim-Jugenheim,10.0,midfield - Central Midfield,17,Right,E. Frankfurt,2024-06-30,2019-07-27,Pro Profil Gmbh,Nike,2.5,10.0
433,Dudu,,24,1.96,Germany  Brazil,Duisburg,0.3,Goalkeeper,38,Right,Werder Bremen,2024-06-30,2020-07-01,Dc International ...,Puma,0.2,0.3
489,Michael Esser,,35,1.98,Germany,Castrop-Rauxel,2.0,Goalkeeper,21,Right,Vfl Bochum,2024-06-30,2021-07-01,Robert Schneider,Unknown,0.4,2.0
338,Luca Pfeiffer,,26,1.96,Germany,Bad Mergentheim,2.8,Attack - Centre-Forward,20,Right,Vfb Stuttgart,2026-06-30,2022-08-02,Haspel ...,Unknown,2.0,2.8
389,Florian Kainz,,30,1.76,Austria,Graz,4.5,Attack - Left Winger,11,Both,1.Fc Köln,2025-06-30,2019-01-18,You First,Unknown,4.0,4.5
414,Lucas Tousart,,26,1.85,France,Arras,25.0,midfield - Defensive Midfield,29,Right,Hertha Bsc,2025-06-30,2020-01-27,Hexagon,Unknown,11.0,25.0
365,Karim Onisiwo,,31,1.88,Austria,Wien,4.5,Attack - Centre-Forward,9,Right,1.Fsv Mainz 05,2024-06-30,2016-01-05,Roof,Unknown,3.5,4.5
303,Nathanaël Mbuku,,21,1.7,France  Dr Congo,Villeneuve-Saint-Georges,9.0,Attack - Left Winger,34,Left,Fc Augsburg,2027-06-30,2023-01-30,Bs Group - Bs Law,Unknown,4.0,9.0
297,Arne Maier,,24,1.86,Germany,Ludwigsfelde,24.0,midfield - Central Midfield,10,Right,Fc Augsburg,2025-06-30,2022-07-01,11Wins,Puma,5.5,24.0
378,Jonas Hector,,32,1.85,Germany,Saarbrücken,20.0,Defender - Left-Back,14,Left,1.Fc Köln,2023-06-30,2012-07-01,Act Sports Group,Adidas,3.5,20.0
350,Aarón Martín,Aarón Martín Caricol,26,1.8,Spain,Montmeló,20.0,Defender - Left-Back,3,Left,1.Fsv Mainz 05,2023-06-30,2019-07-01,By And For,Unknown,7.0,20.0
113,Sardar Azmoun,سردار آزمون,28,1.86,Iran,"Gonbad-E Kavus, Golestan",25.0,Attack - Centre-Forward,9,Both,B. Leverkusen,2027-06-30,2022-01-30,Epic Sports,Nike,12.0,25.0
182,Bartol Franjic,Bartol Franjić,23,1.88,Croatia,Zagreb,6.5,midfield - Defensive Midfield,38,Left,Vfl Wolfsburg,2027-06-30,2022-07-01,Kostila,Unknown,4.0,6.5
482,Tim Skarke,,26,1.81,Germany,Heidenheim An Der Brenz,1.0,Attack - Right Winger,20,Right,Fc Schalke 04,2023-06-30,2023-01-23,Unique Sports Group,Unknown,1.0,1.0
356,Edimilson Fernandes,Edimilson Fernandes Ribeiro,27,1.9,Switzerland  Portugal,Sion,8.0,midfield - Central Midfield,20,Right,1.Fsv Mainz 05,2026-06-30,2019-07-01,Ifm,Unknown,3.0,8.0
340,Alou Kuol,,21,1.81,Australia  Southern Sudan,Khartum,0.4,Attack - Centre-Forward,27,Right,Vfb Stuttgart,2025-06-30,2022-07-01,Unknown,Unknown,0.3,0.4
496,Mohammed Tolba,محمد طلبه,18,1.85,Germany  Egypt,Essen,0.2,Defender - Centre-Back,25,Right,Vfl Bochum,2025-06-30,2022-07-01,Wasserman,Unknown,0.2,0.2
409,Marvin Plattenhardt,,31,1.81,Germany,Filderstadt,17.0,Defender - Left-Back,21,Left,Hertha Bsc,2023-06-30,2014-07-01,Briem Soccer ...,Nike,2.0,17.0
236,Angelo Stiller,,22,1.83,Germany,München,7.0,midfield - Defensive Midfield,13,Left,Tsg Hoffenheim,2025-06-30,2021-07-01,Gol International,Unknown,6.0,7.0
461,Sepp van den Berg,,21,1.92,Netherlands,Zwolle,5.0,Defender - Centre-Back,5,Right,Fc Schalke 04,2023-06-30,2022-08-30,Key United,Unknown,5.0,5.0
321,Josha Vagnoman,Josha Mamadou Karaboue Vagnoman,22,1.9,Germany  Cote D'Ivoire,Hamburg,5.0,Defender - Right-Back,4,Right,Vfb Stuttgart,2026-06-30,2022-07-09,Ftc,Adidas,5.0,5.0
167,Jonas Hofmann,,30,1.76,Germany,Heidelberg,16.0,Attack - Right Winger,23,Right,Bor. M'Gladbach,2025-06-30,2016-01-01,Dr. Marco Gutfleisch,Unknown,13.0,16.0
137,Paxten Aaronson,Paxten Reid Aaronson,19,1.75,United States,"Medford, New Jersey",4.5,midfield - Attacking Midfield,30,Right,E. Frankfurt,2027-06-30,2023-01-01,Wasserman,Unknown,4.5,4.5
200,Matthias Ginter,Matthias Lukas Ginter,29,1.91,Germany,Freiburg Im Breisgau,35.0,Defender - Centre-Back,28,Right,Sc Freiburg,2027-06-30,2022-07-01,Unique Sports Group,Unknown,20.0,35.0
261,Jérôme Roussillon,,30,1.72,Guadeloupe  France,Sarcelles,20.0,Defender - Left-Back,26,Left,Union Berlin,,2023-01-12,Only Pro Sport,Nike,3.0,20.0
235,Justin Che,Justin Isiah Che,19,1.85,United States  Germany,"Richardson, Texas",3.0,Defender - Right-Back,24,Right,Tsg Hoffenheim,2023-06-30,2023-01-18,Caa Stellar,Nike,2.0,3.0
116,Jens Grahl,,34,1.92,Germany,Stuttgart,0.75,Goalkeeper,31,Right,E. Frankfurt,2026-06-30,2021-07-19,Pesm,Unknown,0.2,0.75
121,Almamy Touré,,27,1.83,Mali  France,Bamako,8.0,Defender - Centre-Back,18,Right,E. Frankfurt,2023-06-30,2019-01-31,Unknown,Unknown,2.5,8.0
359,Jae-sung Lee,이재성,30,1.8,"Korea, South",Ulsan,4.0,midfield - Attacking Midfield,7,Left,1.Fsv Mainz 05,2024-06-30,2021-07-08,Unique Sports Group,Unknown,4.0,4.0
227,Stanley Nsoki,Stanley Pierre Nsoki,24,1.84,France  Dr Congo,Poissy,12.0,Defender - Centre-Back,34,Left,Tsg Hoffenheim,2027-06-30,2022-08-03,Rogon,Unknown,8.5,12.0
415,Ivan Sunjic,Ivan Šunjić,26,1.85,Croatia,Zenica,6.0,midfield - Defensive Midfield,34,Right,Hertha Bsc,2023-06-30,2022-07-05,Soccertalk Gmbh,Unknown,4.0,6.0
443,Felix Agu,,23,1.8,Germany  Nigeria,Osnabrück,2.5,Defender - Right-Back,27,Right,Werder Bremen,2024-06-30,2020-07-01,Tds Sports,Unknown,1.0,2.5
128,Kristijan Jakic,Kristijan Jakić,25,1.81,Croatia,Split,9.0,midfield - Defensive Midfield,6,Right,E. Frankfurt,2026-06-30,2022-07-01,Niagara Sports ...,Unknown,9.0,9.0
288,Iago,,26,1.81,Brazil,Monte Azul Paulista,6.5,Defender - Left-Back,22,Left,Fc Augsburg,2024-06-30,2019-07-01,C.R,Unknown,5.5,6.5
437,Niklas Stark,,28,1.9,Germany,Neustadt An Der Aisch,20.0,Defender - Centre-Back,4,Right,Werder Bremen,2026-06-30,2022-07-01,Sports360 Gmbh,Adidas,5.5,20.0
108,Amine Adli,,23,1.74,France  Morocco,Béziers,15.0,Attack - Left Winger,21,Left,B. Leverkusen,2026-06-30,2021-08-26,Concept Sport Agency,Adidas,15.0,15.0
382,Dejan Ljubicic,,25,1.87,Austria,Wien,10.0,midfield - Defensive Midfield,7,Right,1.Fc Köln,2025-06-30,2021-07-01,Dirk Hebel,Unknown,10.0,10.0
335,Serhou Guirassy,Serhou Yadaly Guirassy,27,1.87,Guinea  France,Arles,15.0,Attack - Centre-Forward,9,Right,Vfb Stuttgart,2023-06-30,2022-09-01,Relatives,Unknown,10.0,15.0
134,Daichi Kamada,鎌田 大地,26,1.84,Japan,"Iyo, Ehime",30.0,midfield - Attacking Midfield,15,Right,E. Frankfurt,2023-06-30,2017-07-01,Roberto Tukada,Nike,30.0,30.0
374,Julian Chabot,Julian Jeffrey Gaston Chabot,25,1.95,Germany  France,Hanau,3.5,Defender - Centre-Back,24,Left,1.Fc Köln,2023-06-30,2022-01-26,Pro Profil Gmbh,Unknown,3.5,3.5
44,Salih Özcan,,25,1.83,Turkey  Germany,Köln,17.0,midfield - Defensive Midfield,6,Right,Bor. Dortmund,2026-06-30,2022-07-01,Dirk Hebel,Unknown,17.0,17.0
475,Tom Krauß,,21,1.82,Germany,Leipzig,6.0,midfield - Central Midfield,6,Right,Fc Schalke 04,2023-06-30,2022-07-01,Roof,Adidas,6.0,6.0
66,Josko Gvardiol,Joško Gvardiol,21,1.85,Croatia,Zagreb,75.0,Defender - Centre-Back,32,Left,Rb Leipzig,2027-06-30,2021-07-01,Marjan Sisic,Unknown,75.0,75.0
286,Jeffrey Gouweleeuw,,31,1.87,Netherlands,Heemskerk,12.0,Defender - Centre-Back,6,Right,Fc Augsburg,2024-06-30,2016-01-09,Seg,Under Armour,3.5,12.0
86,Yussuf Poulsen,Yussuf Yurary Poulsen,28,1.92,Denmark  Tanzania,Kopenhagen,35.0,Attack - Centre-Forward,9,Right,Rb Leipzig,2024-06-30,2013-07-04,Pep Consulting,Unknown,10.0,35.0
245,Tom Bischof,,17,1.76,Germany,Aschaffenburg,3.5,midfield - Attacking Midfield,39,Left,Tsg Hoffenheim,2025-06-30,2021-07-01,Agent Is Known - Player Under 18,Unknown,3.5,3.5
189,Jakub Kaminski,Jakub Kamiński,20,1.79,Poland,Ruda Śląska,10.0,Attack - Left Winger,16,Right,Vfl Wolfsburg,2027-06-30,2022-07-01,Bmg-Sport,Adidas,10.0,10.0
396,Tim Lemperle,,21,1.89,Germany,Frankfurt Am Main,2.0,Attack - Centre-Forward,25,Right,1.Fc Köln,2025-06-30,2020-07-01,Rogon,Nike,2.0,2.0
162,Lars Stindl,Lars Edi Stindl,34,1.81,Germany,Speyer,18.0,midfield - Attacking Midfield,13,Right,Bor. M'Gladbach,2023-06-30,2015-07-01,Dirk Hebel,Unknown,2.5,18.0
12,Josip Stanisic,Josip Stanišić,23,1.87,Croatia  Germany,München,12.0,Defender - Right-Back,44,Both,Bayern Munich,2026-06-30,2021-08-01,Ballwerk Sports Gmbh,Adidas,12.0,12.0
35,Antonios Papadopoulos,Αντώνης Παπαδόπουλος,23,1.86,Germany  Greece,Stuttgart,0.6,Defender - Centre-Back,18,Right,B. Dortmund Ii,2024-06-30,2021-07-01,Caa Stellar,Unknown,0.6,0.6
28,Marcel Lotka,Marcel Laurenz Lotka,21,1.9,Germany  Poland,Duisburg,1.3,Goalkeeper,35,Right,Bor. Dortmund,2025-06-30,2022-07-01,Seg,Unknown,1.3,1.3
173,Philipp Schulze,,20,1.9,Germany,Unknown,0.2,Goalkeeper,35,Unknown,Vfl Wolfsburg,2026-06-30,2021-07-01,Pro Profil Gmbh,Adidas,0.2,0.2
144,Jonas Omlin,,29,1.9,Switzerland,Sarnen,8.0,Goalkeeper,1,Right,Bor. M'Gladbach,2027-06-30,2023-01-19,Signature - Iscm Ag,Puma,7.0,8.0
411,Jonjoe Kenny,,26,1.76,England,Liverpool,12.0,Defender - Right-Back,16,Right,Hertha Bsc,2025-06-30,2022-07-01,11Wins,Unknown,4.0,12.0
512,Simon Zoller,Simon Martin Zoller,31,1.79,Germany,Friedrichshafen,3.0,Attack - Centre-Forward,9,Right,Vfl Bochum,2024-06-30,2019-01-01,Goalsky,Puma,1.1,3.0
224,Luca Philipp,,22,1.92,Germany,Stuttgart,0.3,Goalkeeper,37,Unknown,Tsg Hoffenheim,2024-06-30,2020-07-31,Relatives,Unknown,0.3,0.3
96,Daley Sinkgraven,,27,1.79,Netherlands,Assen,9.0,Defender - Left-Back,22,Left,B. Leverkusen,2023-06-30,2019-07-01,V4S,Nike,3.0,9.0
51,Marco Reus,,33,1.8,Germany,Dortmund,50.0,midfield - Attacking Midfield,11,Right,Bor. Dortmund,2024-06-30,2012-07-01,Dirk Hebel,Puma,9.0,50.0
243,Robert Skov,Robert Faxe Skov,26,1.85,Denmark,Marbella,14.0,midfield - Right Midfield,29,Left,Tsg Hoffenheim,2024-06-30,2019-07-29,Elite Sports ...,Unknown,9.0,14.0
403,Rune Jarstein,Rune Almenning Jarstein,38,1.92,Norway,Porsgrunn,2.5,Goalkeeper,22,Right,Hertha Bsc,2023-06-30,2014-01-01,Golden Patch ...,Unknown,0.3,2.5
391,Linton Maina,,23,1.8,Germany  Kenya,Berlin,9.0,Attack - Right Winger,37,Right,1.Fc Köln,2025-06-30,2022-07-01,Roof,Unknown,4.5,9.0
181,Kilian Fischer,,22,1.82,Germany,Miltenberg,2.0,Defender - Right-Back,2,Both,Vfl Wolfsburg,2027-06-30,2022-07-01,Robert Schneider,Unknown,2.0,2.0
41,Thomas Meunier,,31,1.91,Belgium,Sainte-Ode,35.0,Defender - Right-Back,24,Right,Bor. Dortmund,2024-06-30,2020-07-01,Thomas Meunier,Adidas,6.5,35.0
449,Romano Schmid,,23,1.68,Austria,Graz,5.0,midfield - Attacking Midfield,20,Right,Werder Bremen,2025-06-30,2019-01-03,You First,Adidas,4.5,5.0
400,Maximilian Schmid,,20,1.84,Germany,Hanau,0.2,Attack - Centre-Forward,9,Right,1.Fc Köln Ii,2024-06-30,2022-07-01,Rogon U23,Nike,0.2,0.2
209,Nicolas Höfler,,33,1.81,Germany,Überlingen,4.5,midfield - Defensive Midfield,27,Right,Sc Freiburg,,2010-07-01,Unknown,Unknown,2.5,4.5
285,Reece Oxford,Reece Joel Oxford,24,1.9,England  Jamaica,London,12.0,Defender - Centre-Back,4,Right,Fc Augsburg,2025-06-30,2019-08-02,Caa Base Ltd,Unknown,9.0,12.0
257,Danilho Doekhi,Danilho Raimundo Doekhi,24,1.9,Netherlands  Suriname,Rotterdam,12.0,Defender - Centre-Back,5,Right,Union Berlin,2025-06-30,2022-07-01,Wasserman,Unknown,12.0,12.0
425,Wilfried Kanga,Wilfried Kanga Aka,25,1.89,Cote D'Ivoire  France,Montreuil-Sous-Bois,4.0,Attack - Centre-Forward,18,Right,Hertha Bsc,2026-06-30,2022-07-30,Lasana Koita,Unknown,3.0,4.0
4,Matthijs de Ligt,,23,1.89,Netherlands,Leiderdorp,75.0,Defender - Centre-Back,4,Right,Bayern Munich,2027-06-30,2022-07-19,Rafaela Pimenta,Adidas,75.0,75.0
259,Robin Knoche,,30,1.89,Germany,Braunschweig,12.0,Defender - Centre-Back,31,Right,Union Berlin,2024-06-30,2020-08-04,Sports360 Gmbh,Unknown,5.0,12.0
462,Leo Greiml,,21,1.87,Austria,Horn,2.5,Defender - Centre-Back,3,Right,Fc Schalke 04,2025-06-30,2022-07-01,You First,Unknown,1.5,2.5
101,Ayman Azhil,,22,1.75,Morocco  Germany,Düsseldorf,0.4,midfield - Defensive Midfield,32,Unknown,B. Leverkusen,2023-06-30,2020-07-01,Kl Sportsbase,Unknown,0.4,0.4
229,Kevin Vogt,,31,1.94,Germany,Witten,17.0,Defender - Centre-Back,22,Right,Tsg Hoffenheim,2025-06-30,2016-07-01,Roof,Unknown,3.5,17.0
513,Silvère Ganvoula,Silvère Ganvoula M'boussy,26,1.91,Congo,Brazzaville,2.5,Attack - Centre-Forward,35,Right,Vfl Bochum,2023-06-30,2019-07-05,By Sport Consulting,Puma,0.75,2.5
216,Ritsu Doan,堂安 律,24,1.72,Japan,"Amagasaki, Hyogo",15.0,Attack - Right Winger,42,Left,Sc Freiburg,,2022-07-05,Caa Stellar,Puma,15.0,15.0
441,Anthony Jung,,31,1.86,Germany  Spain,Villajoyosa,1.5,Defender - Left-Back,3,Left,Werder Bremen,2024-06-30,2021-07-01,Caa Stellar,Unknown,1.5,1.5
174,Niklas Klinger,,27,1.87,Germany,Wolfsburg,0.1,Goalkeeper,30,Right,Vfl Wolfsburg,2025-06-30,2019-07-01,Tpwe Gmbh,Unknown,0.1,0.1
99,Robert Andrich,,28,1.87,Germany,Potsdam,13.0,midfield - Defensive Midfield,8,Right,B. Leverkusen,2026-06-30,2021-08-16,Teamplayer ...,Unknown,11.0,13.0
295,Tobias Strobl,,32,1.88,Germany,München,8.0,midfield - Defensive Midfield,5,Right,Fc Augsburg,2023-06-30,2020-07-01,Cn Sports,Unknown,0.7,8.0
218,Woo-yeong Jeong,정우영,23,1.79,"Korea, South",Ulsan,5.5,Attack - Second Striker,29,Right,Sc Freiburg,2025-06-30,2019-07-01,Apertura Sports Gmbh,Unknown,4.0,5.5
61,Janis Blaswich,Janis Jonathan Blaswich,32,1.93,Germany,Willich,2.0,Goalkeeper,21,Right,Rb Leipzig,2025-06-30,2022-07-01,Pro Profil Gmbh,Adidas,2.0,2.0
47,Jude Bellingham,Jude Victor William Bellingham,19,1.86,England,Stourbridge,120.0,midfield - Central Midfield,22,Right,Bor. Dortmund,2025-06-30,2020-07-23,Unknown,Adidas,120.0,120.0
32,Niklas Süle,,27,1.95,Germany,Frankfurt Am Main,60.0,Defender - Centre-Back,25,Right,Bor. Dortmund,2026-06-30,2022-07-01,Sports360 Gmbh,Nike,35.0,60.0
270,Paul Seguin,,28,1.85,Germany,Magdeburg,3.0,midfield - Central Midfield,14,Right,Union Berlin,,2022-07-01,Think Forward,Nike,3.0,3.0
331,Silas,,24,1.89,Dr Congo,Kinshasa,25.0,Attack - Right Winger,14,Right,Vfb Stuttgart,2026-06-30,2019-08-13,M-Soccermanagement,Unknown,10.0,25.0
203,Christian Günter,,30,1.84,Germany,Villingen-Schwenningen,12.0,Defender - Left-Back,30,Left,Sc Freiburg,,2012-07-01,Unique Sports Group,Unknown,10.0,12.0
460,Moritz Jenz,,24,1.9,Germany,Berlin,5.5,Defender - Centre-Back,25,Right,Fc Schalke 04,2023-06-30,2023-01-26,Sports360 Gmbh,Unknown,5.5,5.5
27,Gregor Kobel,,25,1.94,Switzerland,Zürich,35.0,Goalkeeper,1,Right,Bor. Dortmund,2026-06-30,2021-07-01,Sbe Management Ag,Unknown,35.0,35.0
402,Tjark Ernst,,20,1.93,Germany,Stuttgart,0.4,Goalkeeper,12,Both,Hertha Bsc,2026-06-30,2022-09-01,Bms Sportconsulting ...,Unknown,0.4,0.4
233,Angeliño,,26,1.71,Spain,Coristanco,35.0,Defender - Left-Back,11,Left,Tsg Hoffenheim,2023-06-30,2022-08-08,Vida 11,Nike,14.0,35.0
263,Josip Juranovic,Josip Juranović,27,1.73,Croatia,Zagreb,9.0,Defender - Right-Back,18,Right,Union Berlin,2027-06-30,2023-01-22,Fsb – ...,Unknown,9.0,9.0
383,Eric Martel,,21,1.88,Germany,Straubing,6.5,midfield - Defensive Midfield,6,Right,1.Fc Köln,2026-06-30,2022-07-01,Ngm Sports,Unknown,6.5,6.5
291,Aaron Zehnter,,18,1.8,Germany,Sonderhofen,0.3,Defender - Left-Back,42,Left,Fc Augsburg,2024-06-30,2022-07-01,Karl M. Herzog ...,Unknown,0.3,0.3
165,Hannes Wolf,Hannes Tarn Wolf,24,1.79,Austria,Graz,12.0,Attack - Left Winger,11,Left,Bor. M'Gladbach,2024-06-30,2021-07-01,Hcm Sports ...,Unknown,4.0,12.0
438,Milos Veljkovic,Милош Вељковић,27,1.88,Serbia  Switzerland,Basel,12.0,Defender - Centre-Back,13,Right,Werder Bremen,2025-06-30,2016-02-01,Lian Sports Group,Unknown,5.0,12.0
139,Ansgar Knauff,,21,1.8,Germany  Ghana,Göttingen,10.0,Attack - Right Winger,36,Right,E. Frankfurt,2023-06-30,2022-01-20,H.S.P. ...,Under Armour,10.0,10.0
62,Örjan Nyland,Ørjan Håskjold Nyland,32,1.92,Norway,Volda,3.0,Goalkeeper,13,Right,Rb Leipzig,2023-06-30,2022-10-09,Solbakken / Player ...,Unknown,0.6,3.0
136,Mario Götze,,30,1.76,Germany,Memmingen,55.0,midfield - Attacking Midfield,27,Right,E. Frankfurt,2025-06-30,2022-07-01,Sports360 Gmbh,Nike,13.0,55.0
129,Djibril Sow,Mohameth Djibril Ibrahima Sow,26,1.84,Switzerland  Senegal,Zürich,22.0,midfield - Central Midfield,8,Right,E. Frankfurt,2024-06-30,2019-07-01,Signature - Iscm Ag,Unknown,22.0,22.0
491,Erhan Masovic,Ерхан Машовић,24,1.89,Serbia,Novi Pazar,5.0,Defender - Centre-Back,4,Both,Vfl Bochum,2025-06-30,2020-10-05,Relatives,Unknown,5.0,5.0
8,Daley Blind,,33,1.8,Netherlands,Amsterdam,25.0,Defender - Left-Back,23,Left,Bayern Munich,2023-06-30,2023-01-05,Seg,Adidas,6.0,25.0
330,Laurin Ulrich,,18,1.8,Germany,Heidenheim An Der Brenz,0.5,midfield - Attacking Midfield,36,Right,Vfb Stuttgart,2026-06-30,2022-07-01,Rummenigge Sport ...,Nike,0.5,0.5
478,Tobias Mohr,,27,1.83,Germany,Aachen,1.8,midfield - Left Midfield,29,Left,Fc Schalke 04,2025-06-30,2022-07-01,Kl Sportsbase,Unknown,1.8,1.8
64,Timo Schlieck,,17,1.95,Germany,Oelde,0.2,Goalkeeper,1,Right,Rb Leipzig U17,2025-06-30,2021-07-01,Unknown,Unknown,0.2,0.2
304,André Hahn,,32,1.85,Germany,Otterndorf,8.0,Attack - Right Winger,28,Right,Fc Augsburg,2023-06-30,2018-07-01,Sports360 Gmbh,Adidas,2.0,8.0
14,Joshua Kimmich,Joshua Walter Kimmich,28,1.77,Germany,Rottweil,90.0,midfield - Defensive Midfield,6,Right,Bayern Munich,2025-06-30,2015-07-02,Unknown,Unknown,80.0,90.0
159,Manu Koné,Kouadio Manu Koné,21,1.85,France  Cote D'Ivoire,Colombes,30.0,midfield - Central Midfield,17,Right,Bor. M'Gladbach,2025-06-30,2021-01-21,Classico,Adidas,30.0,30.0
40,Marius Wolf,,27,1.87,Germany,Coburg,10.0,Defender - Right-Back,17,Right,Bor. Dortmund,2024-06-30,2018-07-02,Rogon,Unknown,9.0,10.0
384,Georg Strauch,,22,1.77,Germany,Bonn,0.2,midfield - Defensive Midfield,17,Right,1.Fc Köln Ii,2024-06-30,2020-07-01,Teamgeist ...,Unknown,0.2,0.2
474,Niklas Tauer,,22,1.83,Germany,Mainz,1.5,midfield - Defensive Midfield,21,Right,Fc Schalke 04,2024-06-30,2023-01-01,Pro Profil Gmbh,Adidas,1.5,1.5
416,Tolga Cigerci,Tolga Ciğerci,31,1.85,Turkey  Germany,Nordenham,4.5,midfield - Defensive Midfield,6,Right,Hertha Bsc,2024-06-30,2023-01-31,Rogon,Unknown,1.5,4.5
219,Michael Gregoritsch,,29,1.93,Austria,Graz,20.0,Attack - Centre-Forward,38,Left,Sc Freiburg,,2022-07-08,Rogon,Adidas,8.0,20.0
282,Daniel Klein,,22,1.93,Germany,Heidelberg,0.3,Goalkeeper,25,Right,Fc Augsburg,2025-06-30,2021-07-02,Sport Business ...,Unknown,0.3,0.3
486,Simon Terodde,,35,1.92,Germany,Bocholt,4.0,Attack - Centre-Forward,9,Right,Fc Schalke 04,2023-06-30,2021-07-01,Sports360 Gmbh,Puma,1.0,4.0
444,Ilia Gruev,Илия Илиев Груев,23,1.85,Bulgaria  Germany,Sofia,3.0,midfield - Defensive Midfield,28,Left,Werder Bremen,2025-06-30,2019-07-01,Feel Soccer Gmbh,Unknown,3.0,3.0
341,Robin Zentner,,28,1.95,Germany,Rüdesheim Am Rhein,5.0,Goalkeeper,27,Right,1.Fsv Mainz 05,2025-06-30,2014-07-01,W&K Fairplay,Adidas,5.0,5.0
239,Grischa Prömel,,28,1.84,Germany,Stuttgart,7.5,midfield - Central Midfield,6,Right,Tsg Hoffenheim,2026-06-30,2022-07-01,Unique Sports Group,Unknown,7.5,7.5
210,Maximilian Eggestein,,26,1.81,Germany,Hannover,30.0,midfield - Central Midfield,8,Right,Sc Freiburg,2025-06-30,2021-08-18,Roof,Unknown,8.0,30.0
215,Noah Weißhaupt,Noah Raphael Weißhaupt,21,1.81,Germany,Rostock,2.5,Attack - Left Winger,33,Right,Sc Freiburg,,2021-07-01,Unique Sports Group,Puma,2.5,2.5
298,Elvis Rexhbecaj,Elvis Rexhbeçaj,25,1.82,Germany  Kosovo,"Gjonaj, Prizren",8.0,midfield - Central Midfield,13,Left,Fc Augsburg,2026-06-30,2022-07-27,Soccertalk Gmbh,Unknown,3.5,8.0
504,Patrick Osterhage,,23,1.86,Germany,Göttingen,2.0,midfield - Central Midfield,6,Left,Vfl Bochum,2026-06-30,2021-07-01,H.S.P. ...,Nike,2.0,2.0
254,Lennart Grill,Hannes Lennart Grill,24,1.92,Germany,Idar-Oberstein,1.5,Goalkeeper,37,Right,Union Berlin,2023-06-30,2022-07-01,Soccertalk Gmbh,Unknown,1.0,1.5
503,Anthony Losilla,,37,1.85,France,Firminy,0.9,midfield - Defensive Midfield,8,Right,Vfl Bochum,2024-06-30,2014-07-01,Soccertalk Gmbh,Unknown,0.5,0.9
472,Alex Kral,Alex Král,24,1.86,Czech Republic  Slovakia,Košice,10.0,midfield - Defensive Midfield,30,Right,Fc Schalke 04,2023-06-30,2022-07-14,K2K Sports ...,Nike,5.5,10.0
307,Ermedin Demirovic,Ermedin Demirović,25,1.85,Bosnia-Herzegovina  Germany,Hamburg,12.0,Attack - Centre-Forward,9,Right,Fc Augsburg,2026-06-30,2022-07-08,Pro Profil Gmbh,Nike,12.0,12.0
354,Leandro Barreiro,Leandro Barreiro Martins,23,1.74,Luxembourg  Portugal,Erpeldingen,11.0,midfield - Central Midfield,8,Right,1.Fsv Mainz 05,2024-06-30,2018-07-01,Caa Stellar,Unknown,10.0,11.0
272,Kevin Möhwald,,29,1.82,Germany,Erfurt,4.0,midfield - Central Midfield,30,Right,Union Berlin,,2021-08-30,Karl M. Herzog ...,Unknown,0.7,4.0
204,Kimberly Ezekwem,Kimberly Chiwetalu Akwaeze Ezekwem,21,1.87,Germany  Nigeria,München,0.35,Defender - Left-Back,24,Left,Sc Freiburg,,2021-07-01,Cn Sports,Unknown,0.35,0.35
164,Alassane Plea,Alassane Alexandre Plea,30,1.81,France  Mali,Lille,38.0,Attack - Left Winger,14,Right,Bor. M'Gladbach,2025-06-30,2018-07-13,Smi Sports ...,Unknown,10.0,38.0
43,Felix Passlack,,24,1.7,Germany,Bottrop,3.0,Defender - Right-Back,30,Right,Bor. Dortmund,2023-06-30,2016-01-04,Teamgeist ...,Nike,1.5,3.0
220,Lucas Höler,,28,1.84,Germany,Achim,6.5,Attack - Centre-Forward,9,Right,Sc Freiburg,,2018-01-01,Unique Sports Group,Unknown,5.0,6.5
406,Agustín Rogel,Agustín Maximiliano Rogel Paita,25,1.91,Uruguay  Italy,Montevideo,4.5,Defender - Centre-Back,3,Right,Hertha Bsc,2026-06-30,2022-08-31,Ariel Krasouski,Unknown,3.0,4.5
193,Jonas Wind,Jonas Older Wind,24,1.9,Denmark,Hvidovre,14.0,Attack - Centre-Forward,23,Right,Vfl Wolfsburg,2026-06-30,2022-01-31,People In Sport,Unknown,14.0,14.0
313,Fabian Bredlow,,28,1.9,Germany,Berlin,1.5,Goalkeeper,33,Both,Vfb Stuttgart,2024-06-30,2019-07-01,Seg,Unknown,1.5,1.5
262,Niko Gießelmann,,31,1.82,Germany,Hannover,4.0,Defender - Left-Back,23,Left,Union Berlin,2023-06-30,2020-07-15,Smg Gmbh,Unknown,2.0,4.0
106,Florian Wirtz,Florian Richard Wirtz,20,1.76,Germany,Pulheim,85.0,midfield - Attacking Midfield,27,Right,B. Leverkusen,2027-06-30,2020-07-01,Relatives,Adidas,85.0,85.0
53,Karim Adeyemi,Karim-David Adeyemi,21,1.8,Germany  Nigeria,München,35.0,Attack - Left Winger,27,Left,Bor. Dortmund,2027-06-30,2022-07-01,Kick&Run,Nike,35.0,35.0
394,Mark Uth,Mark-Alexander Uth,31,1.85,Germany,Köln,23.0,Attack - Centre-Forward,13,Left,1.Fc Köln,2025-06-30,2021-07-01,Sports360 Gmbh,Unknown,3.0,23.0
1,Yann Sommer,,34,1.83,Switzerland,Morges,13.0,Goalkeeper,27,Right,Bayern Munich,2025-06-30,2023-01-19,Relatives,Puma,5.0,13.0
455,Eren Dinkci,Eren Sami Dinkçi,21,1.88,Germany  Turkey,Bremen,0.7,Attack - Centre-Forward,21,Right,Werder Bremen,2025-06-30,2021-01-01,Emg Mundial,Unknown,0.7,0.7
497,Danilo Soares,Danilo Teodoro Soares,31,1.7,Brazil,Belo Horizonte,2.2,Defender - Left-Back,3,Left,Vfl Bochum,2024-06-30,2017-07-01,Tdl Sports ...,Unknown,2.2,2.2
49,Julian Brandt,,27,1.85,Germany,Bremen,50.0,midfield - Attacking Midfield,19,Right,Bor. Dortmund,2026-06-30,2019-07-01,Relatives,Nike,40.0,50.0
424,Jessic Ngankam,Jessic Gaïtan Ngankam,22,1.84,Germany  Cameroon,Berlin,3.5,Attack - Centre-Forward,24,Right,Hertha Bsc,2025-06-30,2022-07-02,Sports360 Gmbh,Unknown,3.5,3.5
81,Emil Forsberg,Emil Peter Forsberg,31,1.77,Sweden,Sundsvall,28.0,midfield - Attacking Midfield,10,Right,Rb Leipzig,2025-06-30,2015-01-07,Hcm Sports ...,Unknown,9.0,28.0
208,Yannik Keitel,,23,1.86,Germany,Breisach Am Rhein,4.0,midfield - Defensive Midfield,14,Both,Sc Freiburg,2024-06-30,2020-04-16,Unique Sports Group,Unknown,4.0,4.0
34,Soumaïla Coulibaly,,19,1.9,France  Mali,Montfermeil,1.0,Defender - Centre-Back,44,Left,Bor. Dortmund,2026-06-30,2021-07-01,Epic Sports,Puma,1.0,1.0
435,Marco Friedl,,25,1.87,Austria,Kirchbichl,7.5,Defender - Centre-Back,32,Left,Werder Bremen,2026-06-30,2019-07-01,You First,Unknown,6.5,7.5
266,Morten Thorsby,,27,1.88,Norway,Oslo,7.0,midfield - Central Midfield,2,Right,Union Berlin,2025-06-30,2022-07-19,Pando,Adidas,7.0,7.0
432,Mio Backhaus,,19,1.94,Germany,Mönchengladbach,0.3,Goalkeeper,1,Right,W. Bremen U19,,2021-07-01,Feel Soccer Gmbh,Unknown,0.3,0.3
370,Julian Roloff,,22,1.92,Germany,Grevenbroich,0.1,Goalkeeper,1,Right,1.Fc Köln Ii,2024-06-30,2023-01-15,Dc International ...,Stanno,0.1,0.1
92,Piero Hincapié,Piero Martín Hincapié Reyna,21,1.83,Ecuador,Esmeraldas,25.0,Defender - Centre-Back,3,Left,B. Leverkusen,2027-06-30,2021-08-16,Fútbol División,Adidas,25.0,25.0
343,Lasse Rieß,Lasse Finn Rieß,21,1.91,Germany,Nieder-Olm,0.2,Goalkeeper,32,Right,1.Fsv Mainz 05,2025-06-30,2021-07-01,Roof Talents,Unknown,0.2,0.2
488,Marko Johansson,,24,1.94,Sweden  Serbia,Malmö,0.9,Goalkeeper,26,Right,Vfl Bochum,2023-06-30,2022-09-01,Bms Sportconsulting ...,Unknown,0.5,0.9
52,Göktan Gürpüz,,20,1.76,Turkey  Germany,Duisburg,0.3,midfield - Attacking Midfield,42,Right,B. Dortmund Ii,2025-06-30,2022-07-01,Sbe Management Ag,Unknown,0.3,0.3
349,Anthony Caci,,25,1.84,France,Forbach,8.5,Defender - Left-Back,19,Right,1.Fsv Mainz 05,2026-06-30,2022-07-01,W.Egal O.S.F.M.,Unknown,8.5,8.5
267,Janik Haberer,,29,1.86,Germany,Wangen Im Allgäu,10.0,midfield - Central Midfield,19,Right,Union Berlin,2025-06-30,2022-07-01,Unique Sports Group,Puma,7.0,10.0
244,Christoph Baumgartner,,23,1.8,Austria,Horn,22.0,midfield - Attacking Midfield,14,Right,Tsg Hoffenheim,2025-06-30,2019-01-15,You First,Unknown,20.0,22.0
13,Bouna Sarr,,31,1.77,Senegal  France,Lyon,9.0,Defender - Right-Back,20,Right,Bayern Munich,2024-06-30,2020-10-05,Wasserman,Unknown,2.5,9.0
319,Antonis Aidonis,,21,1.86,Germany  Greece,Neustadt An Der Weinstraße,0.5,Defender - Centre-Back,37,Right,Vfb Stuttgart,2023-06-30,2020-07-24,Mk Sport Consulting,Nike,0.35,0.5
89,Andrey Lunev,Лунёв Андрей Евгеньевич,31,1.9,Russia,Moskau,10.5,Goalkeeper,40,Right,B. Leverkusen,2023-06-30,2021-07-10,Unknown,Nike,1.5,10.5
392,Dimitrios Limnios,Δημήτριος Λημνιός,24,1.78,Greece  Brazil,Volos,4.5,Attack - Right Winger,19,Right,1.Fc Köln,2024-06-30,2020-09-21,Lian Sports Group,Unknown,2.0,4.5
276,Jamie Leweling,,22,1.84,Germany  Ghana,Nürnberg,4.5,Attack - Second Striker,40,Both,Union Berlin,2026-06-30,2022-07-01,Sports Excellence ...,Puma,3.5,4.5
169,Patrick Herrmann,,32,1.79,Germany,Uchtelfangen,12.0,Attack - Right Winger,7,Right,Bor. M'Gladbach,2024-06-30,2010-01-01,Pro Profil Gmbh,Puma,2.0,12.0
332,Chris Führich,,25,1.81,Germany,Castrop-Rauxel,4.0,Attack - Right Winger,22,Right,Vfb Stuttgart,2025-06-30,2021-07-19,Kl Sportsbase,Unknown,4.0,4.0
507,Philipp Förster,,28,1.88,Germany,Bretten,3.5,midfield - Attacking Midfield,10,Left,Vfl Bochum,2024-06-30,2022-07-01,Roof,Unknown,2.5,3.5
135,Jesper Lindström,Jesper Grænge Lindstrøm,23,1.82,Denmark,Taastrup,28.0,midfield - Attacking Midfield,29,Right,E. Frankfurt,2026-06-30,2021-07-11,Nsg Aps,Adidas,28.0,28.0
310,Kelvin Yeboah,Kelvin Kwarteng Yeboah,23,1.85,Italy  Ghana,Accra,5.5,Attack - Centre-Forward,45,Right,Fc Augsburg,2023-06-30,2023-01-18,P&P Sport ...,Unknown,3.5,5.5
495,Vasilios Lampropoulos,Βασίλειος Λαμπρόπουλος,33,1.85,Greece,Pyrgos,1.0,Defender - Centre-Back,24,Right,Vfl Bochum,2023-06-30,2020-08-14,Wos,Unknown,0.5,1.0
323,Wataru Endo,遠藤 航,30,1.78,Japan,"Yokohama, Kanagawa",10.0,midfield - Defensive Midfield,3,Right,Vfb Stuttgart,2024-06-30,2020-07-01,Universal Sports ...,Puma,6.5,10.0
246,Muhammed Damar,Muhammed Mehmet Damar,19,1.85,Germany  Turkey,Berlin,1.0,midfield - Attacking Midfield,35,Both,Tsg Hoffenheim,2026-06-30,2022-07-01,Emg Mundial,Unknown,1.0,1.0
54,Jamie Bynoe-Gittens,Jamie Jermaine Bynoe-Gittens,18,1.77,England  Barbados,London,14.0,Attack - Left Winger,43,Right,Bor. Dortmund,2025-06-30,2022-07-01,Elite Project Group ...,Unknown,14.0,14.0
367,Marlon Mustapha,Suliman-Marlon Mustapha,21,1.85,Austria,Wien,1.0,Attack - Centre-Forward,36,Right,1.Fsv Mainz 05,2024-06-30,2020-07-01,Md Sports,Puma,1.0,1.0
50,Giovanni Reyna,Giovanni Alejandro Reyna,20,1.85,United States  Portugal,Durham,42.0,midfield - Attacking Midfield,7,Right,Bor. Dortmund,2025-06-30,2020-01-12,Wasserman,Adidas,28.0,42.0
470,Cédric Brunner,,29,1.8,Switzerland,Zollikon,3.2,Defender - Right-Back,27,Right,Fc Schalke 04,2024-06-30,2022-07-07,Roof,Nike,2.5,3.2
177,Sebastiaan Bornauw,,24,1.91,Belgium,Wemmel,14.0,Defender - Centre-Back,3,Right,Vfl Wolfsburg,2026-06-30,2021-07-16,Caa Stellar,Adidas,8.5,14.0
450,Leonardo Bittencourt,Leonardo Jesus Loureiro Bittencourt,29,1.71,Germany  Brazil,Leipzig,7.0,midfield - Attacking Midfield,10,Right,Werder Bremen,,2020-07-15,Feel Soccer Gmbh,Adidas,3.5,7.0
192,Lukas Nmecha,Lukas Okechukwu Nmecha,24,1.85,Germany  England,Hamburg,18.0,Attack - Centre-Forward,10,Right,Vfl Wolfsburg,2025-06-30,2021-07-16,Unknown,Unknown,14.0,18.0
511,Philipp Hofmann,,30,1.95,Germany,Arnsberg,2.5,Attack - Centre-Forward,33,Left,Vfl Bochum,2024-06-30,2022-07-01,Roof,Unknown,2.5,2.5
468,Thomas Ouwejan,,26,1.83,Netherlands,Alkmaar,3.0,Defender - Left-Back,2,Left,Fc Schalke 04,2024-06-30,2022-07-01,Caa Stellar,Unknown,2.5,3.0
190,Patrick Wimmer,,21,1.82,Austria,Tulln,12.0,Attack - Right Winger,39,Unknown,Vfl Wolfsburg,2027-06-30,2022-07-01,More Than Sport Gmbh,Puma,12.0,12.0
172,Pavao Pervan,,35,1.94,Austria,Livno,0.8,Goalkeeper,12,Both,Vfl Wolfsburg,2024-06-30,2018-07-01,Roof,Unknown,0.4,0.8
58,Youssoufa Moukoko,,18,1.79,Germany  Cameroon,Yaoundé,30.0,Attack - Centre-Forward,18,Left,Bor. Dortmund,2026-06-30,2020-07-29,Wasserman,Nike,30.0,30.0
48,Mahmoud Dahoud,,27,1.78,Germany  Syria,Amûdê‎,18.0,midfield - Central Midfield,8,Right,Bor. Dortmund,2023-06-30,2017-07-01,Lorimanagement,Puma,12.0,18.0
348,Philipp Schulz,,17,1.88,Germany,Unknown,0.3,Defender - Centre-Back,45,Right,1.Fsv Mainz 05,2025-06-30,2022-07-01,Agent Is Known - Player Under 18,Unknown,0.3,0.3
238,Dennis Geiger,,24,1.73,Germany,Mosbach,13.0,midfield - Central Midfield,8,Right,Tsg Hoffenheim,2027-06-30,2016-07-01,Winstar Management,Unknown,9.0,13.0
255,Jakob Busk,Jakob Busk Jensen,29,1.89,Denmark,Kopenhagen,0.8,Goalkeeper,12,Right,Union Berlin,2024-06-30,2016-01-15,Relatives,Unknown,0.25,0.8
21,Sadio Mané,,31,1.74,Senegal,Bambaly,150.0,Attack - Left Winger,17,Right,Bayern Munich,2025-06-30,2022-07-01,Roof,New Balance,45.0,150.0
317,Waldemar Anton,Рипцов-Антон Владимир Александрович,26,1.89,Germany,Almalyk,15.0,Defender - Centre-Back,2,Right,Vfb Stuttgart,2025-06-30,2020-07-28,Aka Global Gmbh,Puma,4.5,15.0
464,Marcin Kaminski,Marcin Kamiński,31,1.92,Poland,Konin,3.5,Defender - Centre-Back,35,Left,Fc Schalke 04,2023-06-30,2021-07-01,Wojciech Zlobicki,Unknown,1.0,3.5
163,Conor Noß,,22,1.81,Ireland  Germany,Düsseldorf,0.7,midfield - Attacking Midfield,34,Both,Bor. M'Gladbach,2024-06-30,2021-07-01,B360 Sports,Adidas,0.7,0.7
279,Sven Michel,,32,1.77,Germany,Freudenberg,1.25,Attack - Centre-Forward,11,Left,Union Berlin,2024-06-30,2022-01-31,Karl M. Herzog ...,Unknown,1.2,1.25
448,Jean Manuel Mbom,,23,1.85,Germany  Cameroon,Göttingen,3.0,midfield - Central Midfield,34,Right,Werder Bremen,,2018-07-01,Roof,Adidas,1.0,3.0
194,Omar Marmoush,عمر مرموش | Omar Khaled Mohamed Marmoush,24,1.83,Egypt  Canada,Kairo,6.0,Attack - Centre-Forward,33,Right,Vfl Wolfsburg,2023-06-30,2020-07-01,Caa Stellar,Unknown,6.0,6.0
390,Jan Thielmann,Jan Uwe Thielmann,20,1.78,Germany,Föhren,9.0,Attack - Right Winger,29,Right,1.Fc Köln,2024-06-30,2020-01-17,Relatives,Unknown,7.5,9.0
296,Julian Baumgartlinger,,35,1.84,Austria,Salzburg,6.0,midfield - Defensive Midfield,14,Right,Fc Augsburg,2023-06-30,2022-08-16,Pro Profil Gmbh,Unknown,0.6,6.0
418,Jean-Paul Boëtius,Jean-Paul Patrick Boëtius,29,1.78,Netherlands  Suriname,Rotterdam,6.0,midfield - Attacking Midfield,10,Right,Hertha Bsc,2025-06-30,2022-08-08,Caa Stellar,Unknown,2.0,6.0
347,Alexander Hack,,29,1.93,Germany,Memmingen,3.0,Defender - Centre-Back,42,Left,1.Fsv Mainz 05,2024-06-30,2015-11-30,Pro Profil Gmbh,Unknown,2.5,3.0
260,Timo Baumgartl,,27,1.9,Germany,Böblingen,15.0,Defender - Centre-Back,25,Right,Union Berlin,2023-06-30,2021-07-01,Cn Sports,Adidas,3.5,15.0
312,Florian Müller,,25,1.9,Germany,Saarlouis,10.0,Goalkeeper,1,Left,Vfb Stuttgart,2025-06-30,2021-07-01,Pro Profil Gmbh,Unknown,1.5,10.0
151,Mamadou Doucouré,,24,1.83,France  Senegal,Dakar,0.5,Defender - Centre-Back,4,Left,Bor. M'Gladbach,2024-06-30,2016-07-01,Sport Avenir ...,Unknown,0.1,0.5
131,Marcel Wenig,,19,1.88,Germany  Greece,Nürnberg,0.8,midfield - Central Midfield,28,Right,E. Frankfurt,2025-06-30,2022-07-01,Skylar,Adidas,0.8,0.8
153,Luca Netz,,19,1.84,Germany,Berlin,6.5,Defender - Left-Back,20,Left,Bor. M'Gladbach,2026-06-30,2021-08-06,11Wins,Unknown,6.5,6.5
363,Ludovic Ajorque,,29,1.96,France  Réunion,Saint-Denis,16.0,Attack - Centre-Forward,17,Left,1.Fsv Mainz 05,2026-06-30,2023-01-24,Léandre Chouya,Unknown,9.0,16.0
100,Noah Mbamba,Noah Mbamba-Muanda,18,1.87,Belgium,Elsene,5.0,midfield - Defensive Midfield,18,Right,B. Leverkusen,2028-06-30,2023-01-14,Unknown,Unknown,3.0,5.0
376,Rijad Smajic,,19,1.9,Bosnia-Herzegovina  Germany,Köln,0.2,Defender - Centre-Back,19,Unknown,1.Fc Köln Ii,2025-06-30,2022-01-01,Olp Sports,Unknown,0.2,0.2
88,Patrick Pentz,,26,1.82,Austria,Salzburg,2.5,Goalkeeper,28,Left,B. Leverkusen,2025-06-30,2023-01-27,World In Motion,Uhlsport,1.5,2.5
463,Maya Yoshida,吉田 麻也,34,1.89,Japan,"Nagasaki, Nagasaki",7.0,Defender - Centre-Back,4,Right,Fc Schalke 04,2023-06-30,2022-07-05,Caa Base Ltd,Mizuno,1.5,7.0
334,Gil Dias,Gil Bastião Dias,26,1.86,Portugal,Gafanha Da Nazaré,4.0,Attack - Right Winger,31,Left,Vfb Stuttgart,2025-06-30,2023-01-30,Ulisses Santos - ...,Nike,2.0,4.0
217,Roland Sallai,,25,1.83,Hungary,Budapest,16.0,Attack - Right Winger,22,Both,Sc Freiburg,2025-06-30,2018-08-31,World Soccer Agency,Nike,10.0,16.0
471,Mehmet Aydin,Mehmet Can Aydin,21,1.8,Turkey  Germany,Würselen,2.0,Defender - Right-Back,23,Right,Fc Schalke 04,2025-06-30,2021-07-01,Kin Partners,Unknown,2.0,2.0
122,Makoto Hasebe,長谷部 誠,39,1.8,Japan,"Fujieda, Shizuoka",5.0,Defender - Centre-Back,20,Right,E. Frankfurt,2024-06-30,2014-07-01,Pro Profil Gmbh,Puma,0.8,5.0
514,Moritz Broschinski,,22,1.9,Germany,Finsterwalde,0.5,Attack - Centre-Forward,29,Right,Vfl Bochum,2026-06-30,2023-01-22,Teamgeist ...,Unknown,0.5,0.5
20,Kingsley Coman,Kingsley Junior Coman,26,1.81,France  Guadeloupe,Paris,65.0,Attack - Left Winger,11,Right,Bayern Munich,2027-06-30,2017-07-01,Caa Base Ltd,Nike,65.0,65.0
191,Luca Waldschmidt,Gian-Luca Waldschmidt,26,1.81,Germany,Siegen,20.0,Attack - Second Striker,7,Left,Vfl Wolfsburg,2025-06-30,2021-08-22,Sports360 Gmbh,Unknown,3.0,20.0
72,Sanoussy Ba,,19,1.84,Germany  Senegal,Hof,0.5,Defender - Left-Back,25,Both,Rb Leipzig,2025-06-30,2022-07-01,Sports360 Gmbh,Unknown,0.5,0.5
107,Callum Hudson-Odoi,Callum James Hudson-Odoi,22,1.77,England  Ghana,London,35.0,Attack - Left Winger,17,Right,B. Leverkusen,2023-06-30,2022-08-30,Relatives,Adidas,17.0,35.0
273,Milos Pantovic,Милош Пантовић,26,1.86,Serbia  Germany,München,2.2,midfield - Attacking Midfield,32,Right,Union Berlin,,2022-07-01,Roof,Puma,1.8,2.2
352,Danny da Costa,Danny Vieira da Costa,29,1.87,Germany  Angola,Neuss,15.0,Defender - Right-Back,21,Right,1.Fsv Mainz 05,2025-06-30,2022-07-01,Sports360 Gmbh,Nike,2.0,15.0
440,Lee Buchanan,Lee David Buchanan,22,1.79,England,Mansfield,3.5,Defender - Left-Back,26,Left,Werder Bremen,2026-06-30,2022-07-04,Quantum Sport,Unknown,3.5,3.5
103,Exequiel Palacios,Exequiel Alejandro Palacios,24,1.77,Argentina,Famaillá,25.0,midfield - Central Midfield,25,Right,B. Leverkusen,2025-06-30,2020-01-01,Eleven Talent Group,Unknown,15.0,25.0
